demanda,regulacionAbajo,fecha,ace,frecuencia,intercambioSur,intercambioNorte,primaria,regulacionArriba,archivo_origen,hora,minuto,hora_decimal,dia_semana,es_fin_semana,fecha_siguiente_esperada,gap_minutos,demanda_original,es_anomalia
1306.317,-64.0,2026-06-18 00:00:00,-2.352,59.99,210.351,-161.69,191.865,72.0,OperacionTiempoReal,0,0,0.0,3,0,2026-06-18 00:15:00,,1306.317,0
1290.817,-41.0,2026-06-18 00:15:00,9.054,60.03,192.283,-137.53,199.353,95.0,OperacionTiempoReal,0,15,0.25,3,0,2026-06-18 00:30:00,15.0,1290.817,0
1274.516,-33.0,2026-06-18 00:30:00,-0.79,60.0,192.786,-134.263,210.972,115.0,OperacionTiempoReal,0,30,0.5,3,0,2026-06-18 00:45:00,15.0,1274.516,0
1258.396,-79.0,2026-06-18 00:45:00,5.309,60.02,214.05,-171.027,146.184,57.0,OperacionTiempoReal,0,45,0.75,3,0,2026-06-18 01:00:00,15.0,1258.396,0
1242.193,-59.0,2026-06-18 01:00:00,0.0,59.98,198.096,-147.802,164.295,77.0,OperacionTiempoReal,1,0,1.0,3,0,2026-06-18 01:15:00,15.0,1242.193,0
1238.294,-41.0,2026-06-18 01:15:00,-0.974,60.01,198.247,-139.982,184.599,95.0,OperacionTiempoReal,1,15,1.25,3,0,2026-06-18 01:30:00,15.0,1238.294,0
1221.478,-37.0,2026-06-18 01:30:00,-0.595,60.02,198.667,-137.881,190.88,127.0,OperacionTiempoReal,1,30,1.5,3,0,2026-06-18 01:45:00,15.0,1221.478,0
1215.073,-68.0,2026-06-18 01:45:00,1.155,60.0,199.986,-155.971,160.229,96.0,OperacionTiempoReal,1,45,1.75,3,0,2026-06-18 02:00:00,15.0,1215.073,0
1203.675,-61.0,2026-06-18 02:00:00,0.136,60.0,193.147,-146.168,166.2,103.0,OperacionTiempoReal,2,0,2.0,3,0,2026-06-18 02:15:00,15.0,1203.675,0
1203.586,-51.0,2026-06-18 02:15:00,5.582,60.03,197.092,-135.896,176.065,113.0,OperacionTiempoReal,2,15,2.25,3,0,2026-06-18 02:30:00,15.0,1203.586,0
1195.886,-54.0,2026-06-18 02:30:00,0.562,60.01,207.795,-169.16,176.768,110.0,OperacionTiempoReal,2,30,2.5,3,0,2026-06-18 02:45:00,15.0,1195.886,0
1180.891,-52.0,2026-06-18 02:45:00,-0.952,59.98,192.936,-142.083,172.166,84.0,OperacionTiempoReal,2,45,2.75,3,0,2026-06-18 03:00:00,15.0,1180.891,0
1180.918,-56.0,2026-06-18 03:00:00,-2.557,59.99,196.531,-154.688,168.752,80.0,OperacionTiempoReal,3,0,3.0,3,0,2026-06-18 03:15:00,15.0,1180.918,0
1186.289,-67.0,2026-06-18 03:15:00,0.0,60.0,191.279,-148.851,157.975,69.0,OperacionTiempoReal,3,15,3.25,3,0,2026-06-18 03:30:00,15.0,1186.289,0
1186.647,-70.0,2026-06-18 03:30:00,0.0,60.01,176.632,-144.184,153.106,66.0,OperacionTiempoReal,3,30,3.5,3,0,2026-06-18 03:45:00,15.0,1186.647,0
1194.898,-80.0,2026-06-18 03:45:00,1.467,60.01,204.013,-165.425,143.468,56.0,OperacionTiempoReal,3,45,3.75,3,0,2026-06-18 04:00:00,15.0,1194.898,0
1198.707,-76.0,2026-06-18 04:00:00,0.287,59.99,193.206,-161.106,148.122,60.0,OperacionTiempoReal,4,0,4.0,3,0,2026-06-18 04:15:00,15.0,1198.707,0
1241.311,-67.0,2026-06-18 04:15:00,0.0,60.02,199.905,-141.032,138.832,41.0,OperacionTiempoReal,4,15,4.25,3,0,2026-06-18 04:30:00,15.0,1241.311,0
1264.599,-43.0,2026-06-18 04:30:00,0.0,59.99,200.464,-159.823,203.912,65.0,OperacionTiempoReal,4,30,4.5,3,0,2026-06-18 04:45:00,15.0,1264.599,0
1302.412,-34.0,2026-06-18 04:45:00,0.0,60.0,202.847,-146.051,228.877,107.0,OperacionTiempoReal,4,45,4.75,3,0,2026-06-18 05:00:00,15.0,1302.412,0
1346.271,-72.0,2026-06-18 05:00:00,4.477,60.03,207.981,-178.38,176.749,49.0,OperacionTiempoReal,5,0,5.0,3,0,2026-06-18 05:15:00,15.0,1346.271,0
1408.989,-66.0,2026-06-18 05:15:00,-8.357,59.98,213.56,-199.971,153.748,51.0,OperacionTiempoReal,5,15,5.25,3,0,2026-06-18 05:30:00,15.0,1408.989,0
1428.447,-57.0,2026-06-18 05:30:00,0.0,60.04,197.781,-179.197,164.218,60.0,OperacionTiempoReal,5,30,5.5,3,0,2026-06-18 05:45:00,15.0,1428.447,0
1470.871,-81.0,2026-06-18 05:45:00,-6.308,59.98,207.888,-185.617,139.271,64.0,OperacionTiempoReal,5,45,5.75,3,0,2026-06-18 06:00:00,15.0,1470.871,0
1502.508,-40.0,2026-06-18 06:00:00,7.388,60.03,193.404,-159.589,199.665,105.0,OperacionTiempoReal,6,0,6.0,3,0,2026-06-18 06:15:00,15.0,1502.508,0
1578.173,-43.0,2026-06-18 06:15:00,0.0,60.01,190.007,-135.897,179.474,93.0,OperacionTiempoReal,6,15,6.25,3,0,2026-06-18 06:30:00,15.0,1578.173,0
1560.703,-72.0,2026-06-18 06:30:00,0.0,59.98,199.742,-145.584,217.008,130.0,OperacionTiempoReal,6,30,6.5,3,0,2026-06-18 06:45:00,15.0,1560.703,0
1534.901,-57.0,2026-06-18 06:45:00,-1.872,60.0,208.996,-158.772,273.955,45.0,OperacionTiempoReal,6,45,6.75,3,0,2026-06-18 07:00:00,15.0,1534.901,0
1531.154,-42.0,2026-06-18 07:00:00,-0.197,59.96,205.74,-149.785,292.76,60.0,OperacionTiempoReal,7,0,7.0,3,0,2026-06-18 07:15:00,15.0,1531.154,0
1598.034,-109.0,2026-06-18 07:15:00,0.0,60.0,213.362,-171.144,233.438,77.0,OperacionTiempoReal,7,15,7.25,3,0,2026-06-18 07:30:00,15.0,1598.034,0
1631.559,-81.0,2026-06-18 07:30:00,8.224,60.02,193.789,-151.186,235.033,75.0,OperacionTiempoReal,7,30,7.5,3,0,2026-06-18 07:45:00,15.0,1631.559,0
1632.455,-71.0,2026-06-18 07:45:00,0.943,60.02,202.087,-149.902,245.606,105.0,OperacionTiempoReal,7,45,7.75,3,0,2026-06-18 08:00:00,15.0,1632.455,0
1633.146,-88.0,2026-06-18 08:00:00,-15.692,59.99,201.562,-141.732,220.767,60.0,OperacionTiempoReal,8,0,8.0,3,0,2026-06-18 08:15:00,15.0,1633.146,0
1678.039,-93.0,2026-06-18 08:15:00,-7.058,60.02,192.19,-127.026,214.616,85.0,OperacionTiempoReal,8,15,8.25,3,0,2026-06-18 08:30:00,15.0,1678.039,0
1682.511,-63.0,2026-06-18 08:30:00,2.288,60.02,196.952,-146.285,242.425,115.0,OperacionTiempoReal,8,30,8.5,3,0,2026-06-18 08:45:00,15.0,1682.511,0
1715.773,-48.0,2026-06-18 08:45:00,0.0,60.0,194.769,-137.997,230.165,86.0,OperacionTiempoReal,8,45,8.75,3,0,2026-06-18 09:00:00,15.0,1715.773,0
1737.998,-90.0,2026-06-18 09:00:00,-1.79,60.0,213.887,-161.924,220.599,88.0,OperacionTiempoReal,9,0,9.0,3,0,2026-06-18 09:15:00,15.0,1737.998,0
1739.249,-69.0,2026-06-18 09:15:00,-2.546,59.98,190.3,-140.448,273.067,109.0,OperacionTiempoReal,9,15,9.25,3,0,2026-06-18 09:30:00,15.0,1739.249,0
1763.344,-87.0,2026-06-18 09:30:00,-0.482,59.98,200.22,-139.515,244.539,91.0,OperacionTiempoReal,9,30,9.5,3,0,2026-06-18 09:45:00,15.0,1763.344,0
1784.529,-36.0,2026-06-18 09:45:00,-0.119,59.98,197.383,-164.491,195.35,64.0,OperacionTiempoReal,9,45,9.75,3,0,2026-06-18 10:00:00,15.0,1784.529,0
1790.786,-59.0,2026-06-18 10:00:00,-1.109,59.99,202.717,-179.314,263.25,75.0,OperacionTiempoReal,10,0,10.0,3,0,2026-06-18 10:15:00,15.0,1790.786,0
1825.565,-93.0,2026-06-18 10:15:00,2.284,60.02,205.238,-202.557,207.401,71.0,OperacionTiempoReal,10,15,10.25,3,0,2026-06-18 10:30:00,15.0,1825.565,0
1853.477,-93.0,2026-06-18 10:30:00,0.0,60.0,188.058,-182.582,152.279,57.0,OperacionTiempoReal,10,30,10.5,3,0,2026-06-18 10:45:00,15.0,1853.477,0
1872.471,-85.0,2026-06-18 10:45:00,1.062,60.01,217.913,-211.322,131.14,55.0,OperacionTiempoReal,10,45,10.75,3,0,2026-06-18 11:00:00,15.0,1872.471,0
1887.735,-59.0,2026-06-18 11:00:00,3.559,60.0,196.193,-205.241,185.566,81.0,OperacionTiempoReal,11,0,11.0,3,0,2026-06-18 11:15:00,15.0,1887.735,0
1905.214,-98.0,2026-06-18 11:15:00,0.0,60.0,198.924,-197.754,156.738,42.0,OperacionTiempoReal,11,15,11.25,3,0,2026-06-18 11:30:00,15.0,1905.214,0
1924.641,-89.0,2026-06-18 11:30:00,4.211,60.01,195.972,-199.05,131.246,73.0,OperacionTiempoReal,11,30,11.5,3,0,2026-06-18 11:45:00,15.0,1924.641,0
1935.694,-54.0,2026-06-18 11:45:00,2.204,60.01,182.292,-193.669,127.423,68.0,OperacionTiempoReal,11,45,11.75,3,0,2026-06-18 12:00:00,15.0,1935.694,0
1940.151,-72.0,2026-06-18 12:00:00,0.0,59.99,188.327,-205.703,137.505,78.0,OperacionTiempoReal,12,0,12.0,3,0,2026-06-18 12:15:00,15.0,1940.151,0
1935.733,-73.0,2026-06-18 12:15:00,0.0,59.97,201.702,-210.505,163.663,105.0,OperacionTiempoReal,12,15,12.25,3,0,2026-06-18 12:30:00,15.0,1935.733,0
1917.06,-73.0,2026-06-18 12:30:00,6.782,60.03,194.699,-202.785,235.584,113.0,OperacionTiempoReal,12,30,12.5,3,0,2026-06-18 12:45:00,15.0,1917.06,0
1899.146,-37.0,2026-06-18 12:45:00,0.0,60.0,195.224,-196.599,117.757,84.0,OperacionTiempoReal,12,45,12.75,3,0,2026-06-18 13:00:00,15.0,1899.146,0
1934.086,-42.0,2026-06-18 13:00:00,1.584,59.99,216.279,-210.604,133.673,79.0,OperacionTiempoReal,13,0,13.0,3,0,2026-06-18 13:15:00,15.0,1934.086,0
1939.55,-63.0,2026-06-18 13:15:00,4.752,59.96,192.972,-167.176,168.384,82.0,OperacionTiempoReal,13,15,13.25,3,0,2026-06-18 13:30:00,15.0,1939.55,0
1941.475,-52.0,2026-06-18 13:30:00,0.322,60.0,190.159,-148.502,182.802,93.0,OperacionTiempoReal,13,30,13.5,3,0,2026-06-18 13:45:00,15.0,1941.475,0
1939.048,-91.0,2026-06-18 13:45:00,9.049,60.0,190.696,-149.552,196.286,51.0,OperacionTiempoReal,13,45,13.75,3,0,2026-06-18 14:00:00,15.0,1939.048,0
1914.904,-49.0,2026-06-18 14:00:00,9.965,60.01,205.856,-162.974,234.968,54.0,OperacionTiempoReal,14,0,14.0,3,0,2026-06-18 14:15:00,15.0,1914.904,0
1930.919,-82.0,2026-06-18 14:15:00,-1.976,59.95,194.104,-163.325,203.445,36.0,OperacionTiempoReal,14,15,14.25,3,0,2026-06-18 14:30:00,15.0,1930.919,0
1914.31,-37.0,2026-06-18 14:30:00,0.0,60.02,200.232,-154.454,235.573,81.0,OperacionTiempoReal,14,30,14.5,3,0,2026-06-18 14:45:00,15.0,1914.31,0
1908.855,-53.0,2026-06-18 14:45:00,-2.65,59.99,196.461,-137.764,220.411,85.0,OperacionTiempoReal,14,45,14.75,3,0,2026-06-18 15:00:00,15.0,1908.855,0
1891.217,-49.0,2026-06-18 15:00:00,2.027,59.99,207.794,-179.313,254.635,69.0,OperacionTiempoReal,15,0,15.0,3,0,2026-06-18 15:15:00,15.0,1891.217,0
1879.987,-49.0,2026-06-18 15:15:00,-10.435,59.99,190.544,-141.498,264.768,69.0,OperacionTiempoReal,15,15,15.25,3,0,2026-06-18 15:30:00,15.0,1879.987,0
1879.279,-44.0,2026-06-18 15:30:00,-0.389,59.97,208.727,-172.195,292.63,54.0,OperacionTiempoReal,15,30,15.5,3,0,2026-06-18 15:45:00,15.0,1879.279,0
1865.259,-65.0,2026-06-18 15:45:00,0.251,60.03,184.581,-144.417,300.563,84.0,OperacionTiempoReal,15,45,15.75,3,0,2026-06-18 16:00:00,15.0,1865.259,0
1871.319,-57.0,2026-06-18 16:00:00,0.0,59.99,198.469,-173.128,296.076,57.0,OperacionTiempoReal,16,0,16.0,3,0,2026-06-18 16:15:00,15.0,1871.319,0
1853.078,-94.0,2026-06-18 16:15:00,-2.26,59.96,212.824,-208.62,229.972,56.0,OperacionTiempoReal,16,15,16.25,3,0,2026-06-18 16:30:00,15.0,1853.078,0
1838.831,-69.0,2026-06-18 16:30:00,3.297,59.98,199.543,-193.565,253.253,79.0,OperacionTiempoReal,16,30,16.5,3,0,2026-06-18 16:45:00,15.0,1838.831,0
1821.794,-55.0,2026-06-18 16:45:00,5.288,60.0,196.123,-193.669,306.744,81.0,OperacionTiempoReal,16,45,16.75,3,0,2026-06-18 17:00:00,15.0,1821.794,0
1795.693,-35.0,2026-06-18 17:00:00,5.396,60.02,205.647,-190.518,343.577,121.0,OperacionTiempoReal,17,0,17.0,3,0,2026-06-18 17:15:00,15.0,1795.693,0
1787.3,-54.0,2026-06-18 17:15:00,3.173,60.02,199.135,-208.387,315.069,122.0,OperacionTiempoReal,17,15,17.25,3,0,2026-06-18 17:30:00,15.0,1787.3,0
1769.312,-27.0,2026-06-18 17:30:00,3.756,60.01,186.494,-199.972,362.283,89.0,OperacionTiempoReal,17,30,17.5,3,0,2026-06-18 17:45:00,15.0,1769.312,0
1770.916,-64.0,2026-06-18 17:45:00,2.059,60.02,203.558,-204.302,350.746,70.0,OperacionTiempoReal,17,45,17.75,3,0,2026-06-18 18:00:00,15.0,1770.916,0
1805.978,-80.0,2026-06-18 18:00:00,-1.829,60.03,191.736,-178.147,314.444,50.0,OperacionTiempoReal,18,0,18.0,3,0,2026-06-18 18:15:00,15.0,1805.978,0
1850.524,-72.0,2026-06-18 18:15:00,1.822,60.02,192.167,-194.486,305.805,48.0,OperacionTiempoReal,18,15,18.25,3,0,2026-06-18 18:30:00,15.0,1850.524,0
1863.16,-53.0,2026-06-18 18:30:00,2.165,60.04,209.72,-206.059,369.993,75.0,OperacionTiempoReal,18,30,18.5,3,0,2026-06-18 18:45:00,15.0,1863.16,0
1878.307,-84.0,2026-06-18 18:45:00,1.044,60.02,202.753,-208.626,266.262,44.0,OperacionTiempoReal,18,45,18.75,3,0,2026-06-18 19:00:00,15.0,1878.307,0
1873.257,-65.0,2026-06-18 19:00:00,1.053,60.02,191.186,-195.303,283.684,63.0,OperacionTiempoReal,19,0,19.0,3,0,2026-06-18 19:15:00,15.0,1873.257,0
1854.353,-64.0,2026-06-18 19:15:00,3.953,60.01,197.5,-207.471,284.126,64.0,OperacionTiempoReal,19,15,19.25,3,0,2026-06-18 19:30:00,15.0,1854.353,0
1839.303,-92.0,2026-06-18 19:30:00,0.0,59.99,212.801,-224.744,260.046,47.0,OperacionTiempoReal,19,30,19.5,3,0,2026-06-18 19:45:00,15.0,1839.303,0
1814.524,-104.0,2026-06-18 19:45:00,0.0,59.99,212.159,-225.445,248.421,34.0,OperacionTiempoReal,19,45,19.75,3,0,2026-06-18 20:00:00,15.0,1814.524,0
1797.504,-79.0,2026-06-18 20:00:00,-1.218,60.0,194.898,-195.653,256.937,62.0,OperacionTiempoReal,20,0,20.0,3,0,2026-06-18 20:15:00,15.0,1797.504,0
1763.224,-71.0,2026-06-18 20:15:00,1.122,60.01,207.048,-219.609,115.119,39.0,OperacionTiempoReal,20,15,20.25,3,0,2026-06-18 20:30:00,15.0,1763.224,0
1760.123,-59.0,2026-06-18 20:30:00,4.565,60.03,201.305,-210.371,174.639,48.0,OperacionTiempoReal,20,30,20.5,3,0,2026-06-18 20:45:00,15.0,1760.123,0
1716.573,-65.0,2026-06-18 20:45:00,0.0,60.0,195.587,-217.975,219.958,71.0,OperacionTiempoReal,20,45,20.75,3,0,2026-06-18 21:00:00,15.0,1716.573,0
1679.038,-86.0,2026-06-18 21:00:00,-1.149,59.96,196.59,-203.835,206.589,65.0,OperacionTiempoReal,21,0,21.0,3,0,2026-06-18 21:15:00,15.0,1679.038,0
1643.301,-87.0,2026-06-18 21:15:00,-9.839,59.99,205.95,-209.087,231.417,64.0,OperacionTiempoReal,21,15,21.25,3,0,2026-06-18 21:30:00,15.0,1643.301,0
1619.11,-38.0,2026-06-18 21:30:00,-0.142,59.97,207.772,-222.293,199.93,85.0,OperacionTiempoReal,21,30,21.5,3,0,2026-06-18 21:45:00,15.0,1619.11,0
1579.092,-119.0,2026-06-18 21:45:00,3.1,60.02,201.585,-210.254,229.71,88.0,OperacionTiempoReal,21,45,21.75,3,0,2026-06-18 22:00:00,15.0,1579.092,0
1540.483,-96.0,2026-06-18 22:00:00,0.0,59.98,195.726,-186.433,285.956,111.0,OperacionTiempoReal,22,0,22.0,3,0,2026-06-18 22:15:00,15.0,1540.483,0
1483.795,-70.0,2026-06-18 22:15:00,0.0,60.02,198.411,-176.513,257.736,65.0,OperacionTiempoReal,22,15,22.25,3,0,2026-06-18 22:30:00,15.0,1483.795,0
1456.619,-102.0,2026-06-18 22:30:00,0.0,59.99,206.896,-196.598,196.527,33.0,OperacionTiempoReal,22,30,22.5,3,0,2026-06-18 22:45:00,15.0,1456.619,0
1297.773,-94.0,2026-06-19 00:00:00,0.0,60.02,200.348,-144.533,165.673,72.0,OperacionTiempoReal2,0,0,0.0,4,0,2026-06-19 00:15:00,90.0,1297.773,0
1266.641,-71.0,2026-06-19 00:15:00,0.0,59.99,193.893,-126.326,164.206,65.0,OperacionTiempoReal2,0,15,0.25,4,0,2026-06-19 00:30:00,15.0,1266.641,0
1251.097,-59.0,2026-06-19 00:30:00,0.0,59.98,204.327,-140.099,178.263,77.0,OperacionTiempoReal2,0,30,0.5,4,0,2026-06-19 00:45:00,15.0,1251.097,0
1238.365,-38.0,2026-06-19 00:45:00,4.471,60.02,180.25,-107.536,153.74,84.0,OperacionTiempoReal2,0,45,0.75,4,0,2026-06-19 01:00:00,15.0,1238.365,0
1220.63,-62.0,2026-06-19 01:00:00,-0.425,60.03,193.777,-109.52,184.224,116.0,OperacionTiempoReal2,1,0,1.0,4,0,2026-06-19 01:15:00,15.0,1220.63,0
1215.195,-54.0,2026-06-19 01:15:00,7.515,60.02,195.435,-116.173,187.318,91.0,OperacionTiempoReal2,1,15,1.25,4,0,2026-06-19 01:30:00,15.0,1215.195,0
1210.996,-57.0,2026-06-19 01:30:00,0.0,60.01,207.001,-129.477,171.588,88.0,OperacionTiempoReal2,1,30,1.5,4,0,2026-06-19 01:45:00,15.0,1210.996,0
1201.914,-55.0,2026-06-19 01:45:00,2.949,60.01,202.356,-137.648,176.018,90.0,OperacionTiempoReal2,1,45,1.75,4,0,2026-06-19 02:00:00,15.0,1201.914,0
1187.54,-75.0,2026-06-19 02:00:00,2.066,60.01,196.205,-135.43,191.165,88.0,OperacionTiempoReal2,2,0,2.0,4,0,2026-06-19 02:15:00,15.0,1187.54,0
1188.783,-86.0,2026-06-19 02:15:00,4.152,59.99,207.853,-161.223,179.957,77.0,OperacionTiempoReal2,2,15,2.25,4,0,2026-06-19 02:30:00,15.0,1188.783,0
1183.052,-60.0,2026-06-19 02:30:00,5.165,60.0,208.716,-163.091,203.618,103.0,OperacionTiempoReal2,2,30,2.5,4,0,2026-06-19 02:45:00,15.0,1183.052,0
1171.434,-54.0,2026-06-19 02:45:00,0.0,59.99,198.55,-145.233,210.702,109.0,OperacionTiempoReal2,2,45,2.75,4,0,2026-06-19 03:00:00,15.0,1171.434,0
1169.437,-65.0,2026-06-19 03:00:00,1.323,60.01,207.083,-156.322,201.039,98.0,OperacionTiempoReal2,3,0,3.0,4,0,2026-06-19 03:15:00,15.0,1169.437,0
1171.848,-55.0,2026-06-19 03:15:00,2.095,59.95,208.029,-192.035,220.22,82.0,OperacionTiempoReal2,3,15,3.25,4,0,2026-06-19 03:30:00,15.0,1171.848,0
1174.599,-56.0,2026-06-19 03:30:00,-7.224,59.99,202.52,-150.252,256.719,128.0,OperacionTiempoReal2,3,30,3.5,4,0,2026-06-19 03:45:00,15.0,1174.599,0
1193.698,-55.0,2026-06-19 03:45:00,1.269,59.99,201.831,-160.057,230.463,123.0,OperacionTiempoReal2,3,45,3.75,4,0,2026-06-19 04:00:00,15.0,1193.698,0
1202.787,-48.0,2026-06-19 04:00:00,9.421,60.02,199.251,-155.504,232.322,130.0,OperacionTiempoReal2,4,0,4.0,4,0,2026-06-19 04:15:00,15.0,1202.787,0
1238.787,-42.0,2026-06-19 04:15:00,0.0,60.01,218.905,-163.207,198.03,91.0,OperacionTiempoReal2,4,15,4.25,4,0,2026-06-19 04:30:00,15.0,1238.787,0
1253.971,-54.0,2026-06-19 04:30:00,-1.65,59.98,198.387,-141.149,190.464,142.0,OperacionTiempoReal2,4,30,4.5,4,0,2026-06-19 04:45:00,15.0,1253.971,0
1284.02,-53.0,2026-06-19 04:45:00,-7.519,59.99,204.993,-158.305,160.401,106.0,OperacionTiempoReal2,4,45,4.75,4,0,2026-06-19 05:00:00,15.0,1284.02,0
1317.895,-51.0,2026-06-19 05:00:00,-1.232,59.96,205.868,-158.889,157.724,101.0,OperacionTiempoReal2,5,0,5.0,4,0,2026-06-19 05:15:00,15.0,1317.895,0
1393.461,-91.0,2026-06-19 05:15:00,0.0,60.0,205.74,-160.64,155.494,64.0,OperacionTiempoReal2,5,15,5.25,4,0,2026-06-19 05:30:00,15.0,1393.461,0
1431.71,-74.0,2026-06-19 05:30:00,-6.2,59.99,219.559,-164.725,168.806,112.0,OperacionTiempoReal2,5,30,5.5,4,0,2026-06-19 05:45:00,15.0,1431.71,0
1456.952,-73.0,2026-06-19 05:45:00,0.0,59.98,200.149,-150.602,158.754,83.0,OperacionTiempoReal2,5,45,5.75,4,0,2026-06-19 06:00:00,15.0,1456.952,0
1471.522,-65.0,2026-06-19 06:00:00,4.504,59.99,200.756,-156.438,155.77,81.0,OperacionTiempoReal2,6,0,6.0,4,0,2026-06-19 06:15:00,15.0,1471.522,0
1548.85,-106.0,2026-06-19 06:15:00,0.64,59.99,208.401,-141.383,110.988,41.0,OperacionTiempoReal2,6,15,6.25,4,0,2026-06-19 06:30:00,15.0,1548.85,0
1526.794,-36.0,2026-06-19 06:30:00,0.0,59.97,196.182,-132.162,233.699,120.0,OperacionTiempoReal2,6,30,6.5,4,0,2026-06-19 06:45:00,15.0,1526.794,0
1508.953,-67.0,2026-06-19 06:45:00,-5.104,59.98,206.522,-132.979,232.007,71.0,OperacionTiempoReal2,6,45,6.75,4,0,2026-06-19 07:00:00,15.0,1508.953,0
1516.904,-60.0,2026-06-19 07:00:00,0.0,60.0,211.284,-144.417,234.103,78.0,OperacionTiempoReal2,7,0,7.0,4,0,2026-06-19 07:15:00,15.0,1516.904,0
1570.323,-50.0,2026-06-19 07:15:00,-4.119,59.97,198.562,-124.693,197.459,62.0,OperacionTiempoReal2,7,15,7.25,4,0,2026-06-19 07:30:00,15.0,1570.323,0
1610.698,-74.0,2026-06-19 07:30:00,0.0,60.01,214.552,-127.96,171.297,62.0,OperacionTiempoReal2,7,30,7.5,4,0,2026-06-19 07:45:00,15.0,1610.698,0
1628.114,-81.0,2026-06-19 07:45:00,-3.029,59.96,195.832,-111.504,154.363,55.0,OperacionTiempoReal2,7,45,7.75,4,0,2026-06-19 08:00:00,15.0,1628.114,0
1640.027,-66.0,2026-06-19 08:00:00,0.0,60.01,199.181,-121.307,210.892,70.0,OperacionTiempoReal2,8,0,8.0,4,0,2026-06-19 08:15:00,15.0,1640.027,0
1675.467,-65.0,2026-06-19 08:15:00,0.0,59.97,202.834,-127.377,152.89,77.0,OperacionTiempoReal2,8,15,8.25,4,0,2026-06-19 08:30:00,15.0,1675.467,0
1699.801,-85.0,2026-06-19 08:30:00,0.332,60.01,198.072,-115.006,156.52,81.0,OperacionTiempoReal2,8,30,8.5,4,0,2026-06-19 08:45:00,15.0,1699.801,0
1706.983,-86.0,2026-06-19 08:45:00,0.0,60.0,202.087,-118.974,180.702,80.0,OperacionTiempoReal2,8,45,8.75,4,0,2026-06-19 09:00:00,15.0,1706.983,0
1721.961,-74.0,2026-06-19 09:00:00,-0.069,60.01,170.575,-60.238,191.264,92.0,OperacionTiempoReal2,9,0,9.0,4,0,2026-06-19 09:15:00,15.0,1721.961,0
1741.828,-77.0,2026-06-19 09:15:00,-2.5,59.98,216.313,-92.247,188.466,89.0,OperacionTiempoReal2,9,15,9.25,4,0,2026-06-19 09:30:00,15.0,1741.828,0
1766.244,-38.0,2026-06-19 09:30:00,-0.037,59.98,195.901,-81.626,163.035,64.0,OperacionTiempoReal2,9,30,9.5,4,0,2026-06-19 09:45:00,15.0,1766.244,0
1778.307,-126.0,2026-06-19 09:45:00,1.429,59.98,204.76,-108.936,148.018,68.0,OperacionTiempoReal2,9,45,9.75,4,0,2026-06-19 10:00:00,15.0,1778.307,0
1797.41,-59.0,2026-06-19 10:00:00,-0.842,59.99,186.775,-116.173,202.759,77.0,OperacionTiempoReal2,10,0,10.0,4,0,2026-06-19 10:15:00,15.0,1797.41,0
1823.346,-56.0,2026-06-19 10:15:00,0.0,60.0,205.04,-172.194,152.91,74.0,OperacionTiempoReal2,10,15,10.25,4,0,2026-06-19 10:30:00,15.0,1823.346,0
1850.353,-67.0,2026-06-19 10:30:00,-7.595,60.0,201.913,-180.715,183.902,53.0,OperacionTiempoReal2,10,30,10.5,4,0,2026-06-19 10:45:00,15.0,1850.353,0
1880.952,-76.0,2026-06-19 10:45:00,0.0,60.0,199.672,-181.998,156.208,74.0,OperacionTiempoReal2,10,45,10.75,4,0,2026-06-19 11:00:00,15.0,1880.952,0
1891.075,-47.0,2026-06-19 11:00:00,0.385,60.03,214.225,-185.966,199.884,103.0,OperacionTiempoReal2,11,0,11.0,4,0,2026-06-19 11:15:00,15.0,1891.075,0
1897.432,-88.0,2026-06-19 11:15:00,-1.626,59.99,207.934,-194.37,166.454,62.0,OperacionTiempoReal2,11,15,11.25,4,0,2026-06-19 11:30:00,15.0,1897.432,0
1914.024,-88.0,2026-06-19 11:30:00,-2.734,59.99,197.827,-170.677,163.58,62.0,OperacionTiempoReal2,11,30,11.5,4,0,2026-06-19 11:45:00,15.0,1914.024,0
1925.463,-124.0,2026-06-19 11:45:00,-8.44,59.95,176.329,-137.18,107.997,58.0,OperacionTiempoReal2,11,45,11.75,4,0,2026-06-19 12:00:00,15.0,1925.463,0
1917.946,-55.0,2026-06-19 12:00:00,-1.209,59.99,200.103,-185.616,175.386,85.0,OperacionTiempoReal2,12,0,12.0,4,0,2026-06-19 12:15:00,15.0,1917.946,0
1910.52,-90.0,2026-06-19 12:15:00,-0.233,59.97,197.816,-177.329,288.067,104.0,OperacionTiempoReal2,12,15,12.25,4,0,2026-06-19 12:30:00,15.0,1910.52,0
1913.135,-69.0,2026-06-19 12:30:00,0.0,59.99,226.376,-212.711,340.555,71.0,OperacionTiempoReal2,12,30,12.5,4,0,2026-06-19 12:45:00,15.0,1913.135,0
1916.393,-79.0,2026-06-19 12:45:00,-0.323,59.99,192.995,-173.711,211.026,55.0,OperacionTiempoReal2,12,45,12.75,4,0,2026-06-19 13:00:00,15.0,1916.393,0
1918.787,-84.0,2026-06-19 13:00:00,-0.075,59.99,215.847,-169.16,170.181,50.0,OperacionTiempoReal2,13,0,13.0,4,0,2026-06-19 13:15:00,15.0,1918.787,0
1926.01,-91.0,2026-06-19 13:15:00,-5.914,59.98,195.015,-118.04,165.296,43.0,OperacionTiempoReal2,13,15,13.25,4,0,2026-06-19 13:30:00,15.0,1926.01,0
1914.923,-73.0,2026-06-19 13:30:00,1.471,60.03,176.538,-91.546,159.821,59.0,OperacionTiempoReal2,13,30,13.5,4,0,2026-06-19 13:45:00,15.0,1914.923,0
1909.505,-90.0,2026-06-19 13:45:00,0.922,60.0,201.328,-135.897,140.582,42.0,OperacionTiempoReal2,13,45,13.75,4,0,2026-06-19 14:00:00,15.0,1909.505,0
1897.298,-43.0,2026-06-19 14:00:00,0.0,60.02,190.929,-99.716,164.658,59.0,OperacionTiempoReal2,14,0,14.0,4,0,2026-06-19 14:15:00,15.0,1897.298,0
1899.876,-81.0,2026-06-19 14:15:00,0.0,59.97,194.98,-135.08,129.938,33.0,OperacionTiempoReal2,14,15,14.25,4,0,2026-06-19 14:30:00,15.0,1899.876,0
1901.453,-58.0,2026-06-19 14:30:00,5.887,60.0,202.822,-132.045,182.982,56.0,OperacionTiempoReal2,14,30,14.5,4,0,2026-06-19 14:45:00,15.0,1901.453,0
1900.34,-56.0,2026-06-19 14:45:00,9.129,60.02,201.422,-128.311,210.701,84.0,OperacionTiempoReal2,14,45,14.75,4,0,2026-06-19 15:00:00,15.0,1900.34,0
1874.596,-58.0,2026-06-19 15:00:00,1.091,60.02,202.356,-167.759,195.133,58.0,OperacionTiempoReal2,15,0,15.0,4,0,2026-06-19 15:15:00,15.0,1874.596,0
1857.505,-46.0,2026-06-19 15:15:00,2.075,60.05,197.57,-145.817,201.338,70.0,OperacionTiempoReal2,15,15,15.25,4,0,2026-06-19 15:30:00,15.0,1857.505,0
1866.744,-48.0,2026-06-19 15:30:00,-5.459,59.97,203.453,-166.476,199.465,70.0,OperacionTiempoReal2,15,30,15.5,4,0,2026-06-19 15:45:00,15.0,1866.744,0
1868.68,-44.0,2026-06-19 15:45:00,0.0,60.02,172.384,-131.928,161.694,62.0,OperacionTiempoReal2,15,45,15.75,4,0,2026-06-19 16:00:00,15.0,1868.68,0
1845.41,-71.0,2026-06-19 16:00:00,4.521,60.01,197.267,-164.842,180.995,79.0,OperacionTiempoReal2,16,0,16.0,4,0,2026-06-19 16:15:00,15.0,1845.41,0
1845.561,-57.0,2026-06-19 16:15:00,7.047,60.01,193.181,-159.472,173.033,69.0,OperacionTiempoReal2,16,15,16.25,4,0,2026-06-19 16:30:00,15.0,1845.561,0
1858.439,-56.0,2026-06-19 16:30:00,0.0,59.98,234.942,-201.839,244.174,78.0,OperacionTiempoReal2,16,30,16.5,4,0,2026-06-19 16:45:00,15.0,1858.439,0
1826.831,-58.0,2026-06-19 16:45:00,1.233,60.02,206.919,-188.067,264.283,54.0,OperacionTiempoReal2,16,45,16.75,4,0,2026-06-19 17:00:00,15.0,1826.831,0
1806.605,-42.0,2026-06-19 17:00:00,-0.798,59.99,210.841,-185.967,216.298,54.0,OperacionTiempoReal2,17,0,17.0,4,0,2026-06-19 17:15:00,15.0,1806.605,0
1797.663,-95.0,2026-06-19 17:15:00,12.948,60.01,199.671,-199.855,205.703,75.0,OperacionTiempoReal2,17,15,17.25,4,0,2026-06-19 17:30:00,15.0,1797.663,0
1773.135,-51.0,2026-06-19 17:30:00,12.097,59.99,193.765,-201.384,327.944,85.0,OperacionTiempoReal2,17,30,17.5,4,0,2026-06-19 17:45:00,15.0,1773.135,0
1784.139,-45.0,2026-06-19 17:45:00,2.273,60.02,204.107,-180.947,385.908,59.0,OperacionTiempoReal2,17,45,17.75,4,0,2026-06-19 18:00:00,15.0,1784.139,0
1811.278,-91.0,2026-06-19 18:00:00,-1.374,60.0,194.991,-179.08,338.174,57.0,OperacionTiempoReal2,18,0,18.0,4,0,2026-06-19 18:15:00,15.0,1811.278,0
1864.955,-58.0,2026-06-19 18:15:00,2.967,60.03,197.98,-190.868,272.171,44.0,OperacionTiempoReal2,18,15,18.25,4,0,2026-06-19 18:30:00,15.0,1864.955,0
1873.307,-81.0,2026-06-19 18:30:00,-0.003,59.97,209.439,-223.226,238.138,49.0,OperacionTiempoReal2,18,30,18.5,4,0,2026-06-19 18:45:00,15.0,1873.307,0
1862.324,-50.0,2026-06-19 18:45:00,7.295,59.99,200.417,-221.826,263.485,80.0,OperacionTiempoReal2,18,45,18.75,4,0,2026-06-19 19:00:00,15.0,1862.324,0
1854.508,-65.0,2026-06-19 19:00:00,1.849,60.01,194.384,-204.885,278.909,65.0,OperacionTiempoReal2,19,0,19.0,4,0,2026-06-19 19:15:00,15.0,1854.508,0
1830.502,-55.0,2026-06-19 19:15:00,-6.538,59.99,206.358,-212.956,300.021,75.0,OperacionTiempoReal2,19,15,19.25,4,0,2026-06-19 19:30:00,15.0,1830.502,0
1833.774,-49.0,2026-06-19 19:30:00,0.0,59.99,185.211,-203.951,310.836,71.0,OperacionTiempoReal2,19,30,19.5,4,0,2026-06-19 19:45:00,15.0,1833.774,0
1808.844,-54.0,2026-06-19 19:45:00,-7.107,59.97,191.945,-191.686,348.522,66.0,OperacionTiempoReal2,19,45,19.75,4,0,2026-06-19 20:00:00,15.0,1808.844,0
1777.181,-40.0,2026-06-19 20:00:00,1.317,59.99,197.956,-213.306,349.337,106.0,OperacionTiempoReal2,20,0,20.0,4,0,2026-06-19 20:15:00,15.0,1777.181,0
1768.865,-49.0,2026-06-19 20:15:00,-2.834,59.96,194.898,-199.283,184.831,71.0,OperacionTiempoReal2,20,15,20.25,4,0,2026-06-19 20:30:00,15.0,1768.865,0
1743.061,-86.0,2026-06-19 20:30:00,0.011,59.98,196.893,-211.789,155.592,34.0,OperacionTiempoReal2,20,30,20.5,4,0,2026-06-19 20:45:00,15.0,1743.061,0
1738.441,-67.0,2026-06-19 20:45:00,3.314,59.99,195.948,-213.189,173.357,53.0,OperacionTiempoReal2,20,45,20.75,4,0,2026-06-19 21:00:00,15.0,1738.441,0
1711.617,-51.0,2026-06-19 21:00:00,0.0,59.98,194.512,-193.669,218.513,69.0,OperacionTiempoReal2,21,0,21.0,4,0,2026-06-19 21:15:00,15.0,1711.617,0
1673.981,-53.0,2026-06-19 21:15:00,2.488,60.03,191.034,-180.014,213.075,67.0,OperacionTiempoReal2,21,15,21.25,4,0,2026-06-19 21:30:00,15.0,1673.981,0
1644.762,-70.0,2026-06-19 21:30:00,-1.275,59.99,193.019,-178.38,263.849,170.0,OperacionTiempoReal2,21,30,21.5,4,0,2026-06-19 21:45:00,15.0,1644.762,0
1595.688,-149.0,2026-06-19 21:45:00,0.0,60.03,206.3,-184.916,239.64,75.0,OperacionTiempoReal2,21,45,21.75,4,0,2026-06-19 22:00:00,15.0,1595.688,0
1342.899,-41.0,2026-06-20 00:00:00,0.525,60.02,194.478,-160.29,235.561,51.0,OperacionTiempoReal3,0,0,0.0,5,1,2026-06-20 00:15:00,135.0,1342.899,0
1321.255,-78.0,2026-06-20 00:15:00,1.405,60.02,201.655,-136.947,140.538,44.0,OperacionTiempoReal3,0,15,0.25,5,1,2026-06-20 00:30:00,15.0,1321.255,0
1297.606,-81.0,2026-06-20 00:30:00,-2.178,59.97,203.441,-138.348,91.164,31.0,OperacionTiempoReal3,0,30,0.5,5,1,2026-06-20 00:45:00,15.0,1297.606,0
1278.565,-51.0,2026-06-20 00:45:00,8.322,60.0,203.475,-151.303,121.359,71.0,OperacionTiempoReal3,0,45,0.75,5,1,2026-06-20 01:00:00,15.0,1278.565,0
1265.768,-40.0,2026-06-20 01:00:00,0.0,59.98,208.331,-148.735,159.117,38.0,OperacionTiempoReal3,1,0,1.0,5,1,2026-06-20 01:15:00,15.0,1265.768,0
1255.612,-57.0,2026-06-20 01:15:00,-2.755,59.97,205.916,-143.716,122.031,47.0,OperacionTiempoReal3,1,15,1.25,5,1,2026-06-20 01:30:00,15.0,1255.612,0
1247.288,-49.0,2026-06-20 01:30:00,4.981,60.01,195.784,-138.931,129.039,55.0,OperacionTiempoReal3,1,30,1.5,5,1,2026-06-20 01:45:00,15.0,1247.288,0
1229.997,-69.0,2026-06-20 01:45:00,-0.075,59.99,203.873,-145.7,153.095,51.0,OperacionTiempoReal3,1,45,1.75,5,1,2026-06-20 02:00:00,15.0,1229.997,0
1214.894,-63.0,2026-06-20 02:00:00,3.404,60.03,195.41,-122.942,159.009,57.0,OperacionTiempoReal3,2,0,2.0,5,1,2026-06-20 02:15:00,15.0,1214.894,0
1194.912,-35.0,2026-06-20 02:15:00,-2.703,59.97,200.92,-131.462,176.31,73.0,OperacionTiempoReal3,2,15,2.25,5,1,2026-06-20 02:30:00,15.0,1194.912,0
1194.667,-66.0,2026-06-20 02:30:00,0.0,59.97,203.452,-136.13,140.416,66.0,OperacionTiempoReal3,2,30,2.5,5,1,2026-06-20 02:45:00,15.0,1194.667,0
1190.131,-59.0,2026-06-20 02:45:00,7.496,60.03,186.857,-118.507,147.874,73.0,OperacionTiempoReal3,2,45,2.75,5,1,2026-06-20 03:00:00,15.0,1190.131,0
1180.24,-70.0,2026-06-20 03:00:00,0.0,60.02,186.051,-113.254,202.243,80.0,OperacionTiempoReal3,3,0,3.0,5,1,2026-06-20 03:15:00,15.0,1180.24,0
1190.152,-115.0,2026-06-20 03:15:00,1.37,60.0,203.698,-147.685,107.94,47.0,OperacionTiempoReal3,3,15,3.25,5,1,2026-06-20 03:30:00,15.0,1190.152,0
1192.919,-75.0,2026-06-20 03:30:00,0.0,59.97,203.161,-136.713,159.883,63.0,OperacionTiempoReal3,3,30,3.5,5,1,2026-06-20 03:45:00,15.0,1192.919,0
1183.239,-73.0,2026-06-20 03:45:00,-1.507,59.99,200.722,-142.432,158.418,65.0,OperacionTiempoReal3,3,45,3.75,5,1,2026-06-20 04:00:00,15.0,1183.239,0
1178.571,-49.0,2026-06-20 04:00:00,0.0,60.02,198.632,-129.011,197.673,128.0,OperacionTiempoReal3,4,0,4.0,5,1,2026-06-20 04:15:00,15.0,1178.571,0
1188.66,-72.0,2026-06-20 04:15:00,-6.345,59.97,206.557,-150.253,132.795,58.0,OperacionTiempoReal3,4,15,4.25,5,1,2026-06-20 04:30:00,15.0,1188.66,0
1221.149,-64.0,2026-06-20 04:30:00,-0.53,59.96,198.41,-139.164,130.159,68.0,OperacionTiempoReal3,4,30,4.5,5,1,2026-06-20 04:45:00,15.0,1221.149,0
1224.247,-76.0,2026-06-20 04:45:00,-0.021,60.01,201.573,-137.297,174.444,90.0,OperacionTiempoReal3,4,45,4.75,5,1,2026-06-20 05:00:00,15.0,1224.247,0
1245.648,-63.0,2026-06-20 05:00:00,2.313,60.02,196.706,-124.926,157.577,75.0,OperacionTiempoReal3,5,0,5.0,5,1,2026-06-20 05:15:00,15.0,1245.648,0
1223.034,-33.0,2026-06-20 05:15:00,-4.627,59.97,227.775,-132.746,195.803,125.0,OperacionTiempoReal3,5,15,5.25,5,1,2026-06-20 05:30:00,15.0,1223.034,0
1205.349,-43.0,2026-06-20 05:30:00,0.754,60.0,202.623,-125.626,197.002,80.0,OperacionTiempoReal3,5,30,5.5,5,1,2026-06-20 05:45:00,15.0,1205.349,0
1212.198,-76.0,2026-06-20 05:45:00,0.0,60.02,201.912,-95.165,213.138,94.0,OperacionTiempoReal3,5,45,5.75,5,1,2026-06-20 06:00:00,15.0,1212.198,0
1241.041,-59.0,2026-06-20 06:00:00,-0.047,60.03,193.766,-99.716,189.438,73.0,OperacionTiempoReal3,6,0,6.0,5,1,2026-06-20 06:15:00,15.0,1241.041,0
1290.393,-65.0,2026-06-20 06:15:00,-0.344,60.0,197.232,-86.178,175.88,67.0,OperacionTiempoReal3,6,15,6.25,5,1,2026-06-20 06:30:00,15.0,1290.393,0
1329.08,-73.0,2026-06-20 06:30:00,0.0,60.0,196.111,-89.562,122.886,61.0,OperacionTiempoReal3,6,30,6.5,5,1,2026-06-20 06:45:00,15.0,1329.08,0
1381.185,-59.0,2026-06-20 06:45:00,0.0,60.03,194.01,-81.848,110.729,45.0,OperacionTiempoReal3,6,45,6.75,5,1,2026-06-20 07:00:00,15.0,1381.185,0
1412.956,-78.0,2026-06-20 07:00:00,4.866,60.03,196.905,-85.711,76.171,42.0,OperacionTiempoReal3,7,0,7.0,5,1,2026-06-20 07:15:00,15.0,1412.956,0
1452.523,-89.0,2026-06-20 07:15:00,0.0,59.98,211.202,-96.565,70.604,46.0,OperacionTiempoReal3,7,15,7.25,5,1,2026-06-20 07:30:00,15.0,1452.523,0
1490.01,-54.0,2026-06-20 07:30:00,0.0,59.99,176.691,-56.387,133.041,82.0,OperacionTiempoReal3,7,30,7.5,5,1,2026-06-20 07:45:00,15.0,1490.01,0
1510.456,-41.0,2026-06-20 07:45:00,0.0,60.0,206.242,-89.095,152.423,111.0,OperacionTiempoReal3,7,45,7.75,5,1,2026-06-20 08:00:00,15.0,1510.456,0
1527.053,-56.0,2026-06-20 08:00:00,0.0,60.0,199.578,-103.684,157.735,47.0,OperacionTiempoReal3,8,0,8.0,5,1,2026-06-20 08:15:00,15.0,1527.053,0
1577.352,-85.0,2026-06-20 08:15:00,0.103,59.98,210.07,-126.91,130.839,49.0,OperacionTiempoReal3,8,15,8.25,5,1,2026-06-20 08:30:00,15.0,1577.352,0
1607.447,-77.0,2026-06-20 08:30:00,-0.367,59.97,192.202,-106.485,175.496,47.0,OperacionTiempoReal3,8,30,8.5,5,1,2026-06-20 08:45:00,15.0,1607.447,0
1627.2,-68.0,2026-06-20 08:45:00,0.0,59.99,208.892,-128.544,164.274,46.0,OperacionTiempoReal3,8,45,8.75,5,1,2026-06-20 09:00:00,15.0,1627.2,0
1644.042,-64.0,2026-06-20 09:00:00,0.289,60.03,200.208,-101.116,171.295,50.0,OperacionTiempoReal3,9,0,9.0,5,1,2026-06-20 09:15:00,15.0,1644.042,0
1671.727,-85.0,2026-06-20 09:15:00,0.0,59.99,221.263,-127.494,200.019,57.0,OperacionTiempoReal3,9,15,9.25,5,1,2026-06-20 09:30:00,15.0,1671.727,0
1693.007,-76.0,2026-06-20 09:30:00,-0.158,60.02,184.58,-81.742,200.826,46.0,OperacionTiempoReal3,9,30,9.5,5,1,2026-06-20 09:45:00,15.0,1693.007,0
1692.392,-81.0,2026-06-20 09:45:00,0.0,60.01,204.946,-122.475,200.083,83.0,OperacionTiempoReal3,9,45,9.75,5,1,2026-06-20 10:00:00,15.0,1692.392,0
1692.46,-69.0,2026-06-20 10:00:00,0.199,59.99,184.009,-136.481,239.28,97.0,OperacionTiempoReal3,10,0,10.0,5,1,2026-06-20 10:15:00,15.0,1692.46,0
1751.578,-68.0,2026-06-20 10:15:00,-3.489,60.02,216.232,-156.788,204.483,72.0,OperacionTiempoReal3,10,15,10.25,5,1,2026-06-20 10:30:00,15.0,1751.578,0
1756.249,-61.0,2026-06-20 10:30:00,0.0,60.01,190.975,-153.171,170.071,55.0,OperacionTiempoReal3,10,30,10.5,5,1,2026-06-20 10:45:00,15.0,1756.249,0
1781.997,-85.0,2026-06-20 10:45:00,3.334,60.01,203.032,-170.327,163.33,75.0,OperacionTiempoReal3,10,45,10.75,5,1,2026-06-20 11:00:00,15.0,1781.997,0
1774.236,-67.0,2026-06-20 11:00:00,-1.955,59.97,201.831,-174.062,174.086,63.0,OperacionTiempoReal3,11,0,11.0,5,1,2026-06-20 11:15:00,15.0,1774.236,0
1807.928,-53.0,2026-06-20 11:15:00,0.0,59.98,195.773,-147.218,201.138,77.0,OperacionTiempoReal3,11,15,11.25,5,1,2026-06-20 11:30:00,15.0,1807.928,0
1828.862,-68.0,2026-06-20 11:30:00,0.0,59.96,201.515,-178.38,188.6,62.0,OperacionTiempoReal3,11,30,11.5,5,1,2026-06-20 11:45:00,15.0,1828.862,0
1828.574,-102.0,2026-06-20 11:45:00,0.0,60.01,210.864,-177.213,162.902,44.0,OperacionTiempoReal3,11,45,11.75,5,1,2026-06-20 12:00:00,15.0,1828.574,0
1840.854,-88.0,2026-06-20 12:00:00,1.483,60.01,190.241,-156.672,119.808,34.0,OperacionTiempoReal3,12,0,12.0,5,1,2026-06-20 12:15:00,15.0,1840.854,0
1835.858,-67.0,2026-06-20 12:15:00,2.871,59.98,201.632,-191.451,164.668,66.0,OperacionTiempoReal3,12,15,12.25,5,1,2026-06-20 12:30:00,15.0,1835.858,0
1835.286,-48.0,2026-06-20 12:30:00,-2.161,59.95,202.869,-176.513,236.73,82.0,OperacionTiempoReal3,12,30,12.5,5,1,2026-06-20 12:45:00,15.0,1835.286,0
1832.42,-107.0,2026-06-20 12:45:00,2.139,60.01,183.297,-145.817,95.729,47.0,OperacionTiempoReal3,12,45,12.75,5,1,2026-06-20 13:00:00,15.0,1832.42,0
1807.6,-93.0,2026-06-20 13:00:00,2.814,60.03,191.279,-126.443,148.586,49.0,OperacionTiempoReal3,13,0,13.0,5,1,2026-06-20 13:15:00,15.0,1807.6,0
1815.477,-76.0,2026-06-20 13:15:00,9.304,60.0,189.996,-109.986,126.008,46.0,OperacionTiempoReal3,13,15,13.25,5,1,2026-06-20 13:30:00,15.0,1815.477,0
1807.709,-70.0,2026-06-20 13:30:00,1.821,60.03,201.538,-130.644,156.599,46.0,OperacionTiempoReal3,13,30,13.5,5,1,2026-06-20 13:45:00,15.0,1807.709,0
1782.511,-76.0,2026-06-20 13:45:00,5.471,60.0,204.608,-144.767,147.92,68.0,OperacionTiempoReal3,13,45,13.75,5,1,2026-06-20 14:00:00,15.0,1782.511,0
1777.523,-62.0,2026-06-20 14:00:00,5.188,60.03,192.809,-108.003,162.024,82.0,OperacionTiempoReal3,14,0,14.0,5,1,2026-06-20 14:15:00,15.0,1777.523,0
1778.171,-47.0,2026-06-20 14:15:00,4.925,60.03,183.682,-102.75,184.705,97.0,OperacionTiempoReal3,14,15,14.25,5,1,2026-06-20 14:30:00,15.0,1778.171,0
1770.595,-68.0,2026-06-20 14:30:00,-0.362,59.98,193.251,-112.088,165.126,76.0,OperacionTiempoReal3,14,30,14.5,5,1,2026-06-20 14:45:00,15.0,1770.595,0
1761.008,-55.0,2026-06-20 14:45:00,2.581,60.03,197.232,-134.613,177.126,89.0,OperacionTiempoReal3,14,45,14.75,5,1,2026-06-20 15:00:00,15.0,1761.008,0
1772.621,-53.0,2026-06-20 15:00:00,-1.361,60.01,200.488,-120.958,202.716,73.0,OperacionTiempoReal3,15,0,15.0,5,1,2026-06-20 15:15:00,15.0,1772.621,0
1757.434,-62.0,2026-06-20 15:15:00,0.0,60.0,199.368,-123.992,184.504,44.0,OperacionTiempoReal3,15,15,15.25,5,1,2026-06-20 15:30:00,15.0,1757.434,0
1742.909,-61.0,2026-06-20 15:30:00,1.907,60.0,203.428,-144.767,188.585,75.0,OperacionTiempoReal3,15,30,15.5,5,1,2026-06-20 15:45:00,15.0,1742.909,0
1729.137,-51.0,2026-06-20 15:45:00,0.0,59.98,199.508,-139.749,199.728,85.0,OperacionTiempoReal3,15,45,15.75,5,1,2026-06-20 16:00:00,15.0,1729.137,0
1720.249,-40.0,2026-06-20 16:00:00,0.056,60.0,196.45,-134.146,209.378,96.0,OperacionTiempoReal3,16,0,16.0,5,1,2026-06-20 16:15:00,15.0,1720.249,0
1722.804,-85.0,2026-06-20 16:15:00,-8.441,59.97,190.615,-117.457,219.791,75.0,OperacionTiempoReal3,16,15,16.25,5,1,2026-06-20 16:30:00,15.0,1722.804,0
1713.688,-61.0,2026-06-20 16:30:00,0.0,59.99,203.547,-129.595,245.044,99.0,OperacionTiempoReal3,16,30,16.5,5,1,2026-06-20 16:45:00,15.0,1713.688,0
1696.505,-40.0,2026-06-20 16:45:00,7.855,60.01,199.134,-133.33,267.165,120.0,OperacionTiempoReal3,16,45,16.75,5,1,2026-06-20 17:00:00,15.0,1696.505,0
1695.468,-64.0,2026-06-20 17:00:00,-5.432,59.98,207.281,-169.393,293.811,74.0,OperacionTiempoReal3,17,0,17.0,5,1,2026-06-20 17:15:00,15.0,1695.468,0
1659.738,-58.0,2026-06-20 17:15:00,1.666,59.99,203.266,-225.678,312.733,50.0,OperacionTiempoReal3,17,15,17.25,5,1,2026-06-20 17:30:00,15.0,1659.738,0
1685.854,-21.0,2026-06-20 17:30:00,15.097,60.01,178.804,-183.282,347.504,67.0,OperacionTiempoReal3,17,30,17.5,5,1,2026-06-20 17:45:00,15.0,1685.854,0
1694.76,-31.0,2026-06-20 17:45:00,-1.964,59.97,213.104,-209.338,420.0,106.0,OperacionTiempoReal3,17,45,17.75,5,1,2026-06-20 18:00:00,15.0,1694.76,0
1732.776,-83.0,2026-06-20 18:00:00,1.101,60.03,186.914,-185.033,273.503,71.0,OperacionTiempoReal3,18,0,18.0,5,1,2026-06-20 18:15:00,15.0,1732.776,0
1754.273,-83.0,2026-06-20 18:15:00,-10.016,59.98,206.673,-209.093,232.014,45.0,OperacionTiempoReal3,18,15,18.25,5,1,2026-06-20 18:30:00,15.0,1754.273,0
1789.012,-62.0,2026-06-20 18:30:00,3.297,60.02,206.405,-221.359,231.466,74.0,OperacionTiempoReal3,18,30,18.5,5,1,2026-06-20 18:45:00,15.0,1789.012,0
1785.995,-45.0,2026-06-20 18:45:00,3.95,60.04,186.238,-194.971,287.126,90.0,OperacionTiempoReal3,18,45,18.75,5,1,2026-06-20 19:00:00,15.0,1785.995,0
1780.514,-43.0,2026-06-20 19:00:00,3.592,60.02,189.389,-189.584,281.42,92.0,OperacionTiempoReal3,19,0,19.0,5,1,2026-06-20 19:15:00,15.0,1780.514,0
1760.932,-69.0,2026-06-20 19:15:00,-2.076,59.96,203.745,-217.041,255.147,66.0,OperacionTiempoReal3,19,15,19.25,5,1,2026-06-20 19:30:00,15.0,1760.932,0
1746.878,-45.0,2026-06-20 19:30:00,0.0,60.01,179.246,-176.979,302.163,98.0,OperacionTiempoReal3,19,30,19.5,5,1,2026-06-20 19:45:00,15.0,1746.878,0
1738.339,-39.0,2026-06-20 19:45:00,-0.429,60.02,197.419,-180.597,273.938,89.0,OperacionTiempoReal3,19,45,19.75,5,1,2026-06-20 20:00:00,15.0,1738.339,0
1706.767,-38.0,2026-06-20 20:00:00,-0.272,60.03,193.672,-183.982,323.57,135.0,OperacionTiempoReal3,20,0,20.0,5,1,2026-06-20 20:15:00,15.0,1706.767,0
1685.854,-45.0,2026-06-20 20:15:00,0.0,60.04,200.407,-191.219,236.694,99.0,OperacionTiempoReal3,20,15,20.25,5,1,2026-06-20 20:30:00,15.0,1685.854,0
1681.168,-61.0,2026-06-20 20:30:00,2.281,60.0,195.329,-204.658,200.492,65.0,OperacionTiempoReal3,20,30,20.5,5,1,2026-06-20 20:45:00,15.0,1681.168,0
1650.856,-111.0,2026-06-20 20:45:00,-2.268,59.98,199.239,-203.958,159.274,99.0,OperacionTiempoReal3,20,45,20.75,5,1,2026-06-20 21:00:00,15.0,1650.856,0
1620.874,-69.0,2026-06-20 21:00:00,0.0,59.98,204.748,-215.057,203.778,141.0,OperacionTiempoReal3,21,0,21.0,5,1,2026-06-20 21:15:00,15.0,1620.874,0
1586.952,-60.0,2026-06-20 21:15:00,5.524,59.99,187.428,-201.256,235.37,138.0,OperacionTiempoReal3,21,15,21.25,5,1,2026-06-20 21:30:00,15.0,1586.952,0
1562.504,-77.0,2026-06-20 21:30:00,0.107,59.98,213.875,-220.192,191.915,61.0,OperacionTiempoReal3,21,30,21.5,5,1,2026-06-20 21:45:00,15.0,1562.504,0
1529.373,-103.0,2026-06-20 21:45:00,0.791,60.0,205.379,-206.059,214.46,105.0,OperacionTiempoReal3,21,45,21.75,5,1,2026-06-20 22:00:00,15.0,1529.373,0
1502.976,-83.0,2026-06-20 22:00:00,0.0,59.97,206.441,-198.921,240.192,126.0,OperacionTiempoReal3,22,0,22.0,5,1,2026-06-20 22:15:00,15.0,1502.976,0
1480.094,-110.0,2026-06-20 22:15:00,0.0,60.02,201.551,-169.86,193.909,70.0,OperacionTiempoReal3,22,15,22.25,5,1,2026-06-20 22:30:00,15.0,1480.094,0
1444.427,-103.0,2026-06-20 22:30:00,-18.685,59.97,206.324,-163.675,198.818,77.0,OperacionTiempoReal3,22,30,22.5,5,1,2026-06-20 22:45:00,15.0,1444.427,0
1432.778,-66.0,2026-06-20 22:45:00,0.599,60.01,198.76,-179.897,126.598,50.0,OperacionTiempoReal3,22,45,22.75,5,1,2026-06-20 23:00:00,15.0,1432.778,0
1293.731,-78.0,2026-06-21 00:00:00,3.509,60.02,191.676,-178.147,125.971,44.0,OperacionTiempoReal4,0,0,0.0,6,1,2026-06-21 00:15:00,75.0,1293.731,0
1265.998,-66.0,2026-06-21 00:15:00,0.0,60.0,190.836,-194.719,137.664,56.0,OperacionTiempoReal4,0,15,0.25,6,1,2026-06-21 00:30:00,15.0,1265.998,0
1247.208,-51.0,2026-06-21 00:30:00,6.008,60.03,181.103,-205.008,151.96,71.0,OperacionTiempoReal4,0,30,0.5,6,1,2026-06-21 00:45:00,15.0,1247.208,0
1228.507,-69.0,2026-06-21 00:45:00,0.66,60.03,175.5,-184.449,176.024,97.0,OperacionTiempoReal4,0,45,0.75,6,1,2026-06-21 01:00:00,15.0,1228.507,0
1208.717,-89.0,2026-06-21 01:00:00,0.0,60.03,178.814,-185.149,197.088,123.0,OperacionTiempoReal4,1,0,1.0,6,1,2026-06-21 01:15:00,15.0,1208.717,0
1205.293,-101.0,2026-06-21 01:15:00,0.283,60.05,186.086,-184.333,187.824,111.0,OperacionTiempoReal4,1,15,1.25,6,1,2026-06-21 01:30:00,15.0,1205.293,0
1187.988,-132.0,2026-06-21 01:30:00,0.0,59.96,190.218,-205.124,140.78,80.0,OperacionTiempoReal4,1,30,1.5,6,1,2026-06-21 01:45:00,15.0,1187.988,0
1181.108,-113.0,2026-06-21 01:45:00,-3.25,59.98,189.611,-192.152,165.258,99.0,OperacionTiempoReal4,1,45,1.75,6,1,2026-06-21 02:00:00,15.0,1181.108,0
1166.96,-118.0,2026-06-21 02:00:00,2.055,60.01,194.431,-207.108,168.338,94.0,OperacionTiempoReal4,2,0,2.0,6,1,2026-06-21 02:15:00,15.0,1166.96,0
1147.556,-106.0,2026-06-21 02:15:00,0.194,60.03,180.822,-176.862,186.181,106.0,OperacionTiempoReal4,2,15,2.25,6,1,2026-06-21 02:30:00,15.0,1147.556,0
1152.088,-126.0,2026-06-21 02:30:00,8.132,60.01,181.055,-189.817,179.398,86.0,OperacionTiempoReal4,2,30,2.5,6,1,2026-06-21 02:45:00,15.0,1152.088,0
1147.978,-102.0,2026-06-21 02:45:00,0.0,60.03,189.88,-188.301,202.027,110.0,OperacionTiempoReal4,2,45,2.75,6,1,2026-06-21 03:00:00,15.0,1147.978,0
1136.065,-80.0,2026-06-21 03:00:00,-2.78,59.99,176.224,-179.898,197.592,104.0,OperacionTiempoReal4,3,0,3.0,6,1,2026-06-21 03:15:00,15.0,1136.065,0
1136.101,-112.0,2026-06-21 03:15:00,4.517,60.0,186.915,-203.841,163.207,72.0,OperacionTiempoReal4,3,15,3.25,6,1,2026-06-21 03:30:00,15.0,1136.101,0
1122.604,-112.0,2026-06-21 03:30:00,0.0,59.99,191.595,-189.468,161.277,72.0,OperacionTiempoReal4,3,30,3.5,6,1,2026-06-21 03:45:00,15.0,1122.604,0
1126.263,-98.0,2026-06-21 03:45:00,2.868,60.02,187.077,-189.701,176.389,86.0,OperacionTiempoReal4,3,45,3.75,6,1,2026-06-21 04:00:00,15.0,1126.263,0
1124.751,-62.0,2026-06-21 04:00:00,0.0,59.99,193.112,-181.415,253.422,150.0,OperacionTiempoReal4,4,0,4.0,6,1,2026-06-21 04:15:00,15.0,1124.751,0
1135.107,-73.0,2026-06-21 04:15:00,2.04,60.03,200.873,-182.582,243.27,139.0,OperacionTiempoReal4,4,15,4.25,6,1,2026-06-21 04:30:00,15.0,1135.107,0
1125.13,-71.0,2026-06-21 04:30:00,-0.688,60.01,202.775,-163.208,244.296,142.0,OperacionTiempoReal4,4,30,4.5,6,1,2026-06-21 04:45:00,15.0,1125.13,0
1130.156,-98.0,2026-06-21 04:45:00,0.286,60.04,195.971,-155.271,245.8,96.0,OperacionTiempoReal4,4,45,4.75,6,1,2026-06-21 05:00:00,15.0,1130.156,0
1121.332,-113.0,2026-06-21 05:00:00,12.642,59.99,209.895,-177.913,235.185,35.0,OperacionTiempoReal4,5,0,5.0,6,1,2026-06-21 05:15:00,15.0,1121.332,0
1100.0,-63.0,2026-06-21 05:15:00,5.896,60.02,197.383,-145.467,292.081,63.0,OperacionTiempoReal4,5,15,5.25,6,1,2026-06-21 05:30:00,15.0,1100.0,0
1067.006,-58.0,2026-06-21 05:30:00,-9.437,59.97,206.417,-155.854,329.133,45.0,OperacionTiempoReal4,5,30,5.5,6,1,2026-06-21 05:45:00,15.0,1067.006,0
1079.263,-43.0,2026-06-21 05:45:00,0.0,59.98,200.418,-144.417,325.192,68.0,OperacionTiempoReal4,5,45,5.75,6,1,2026-06-21 06:00:00,15.0,1079.263,0
1088.086,-89.0,2026-06-21 06:00:00,0.799,59.99,196.065,-138.698,195.459,75.0,OperacionTiempoReal4,6,0,6.0,6,1,2026-06-21 06:15:00,15.0,1088.086,0
1119.918,-81.0,2026-06-21 06:15:00,0.0,59.99,200.966,-139.515,165.606,75.0,OperacionTiempoReal4,6,15,6.25,6,1,2026-06-21 06:30:00,15.0,1119.918,0
1148.115,-48.0,2026-06-21 06:30:00,0.0,60.03,196.356,-114.655,165.142,62.0,OperacionTiempoReal4,6,30,6.5,6,1,2026-06-21 06:45:00,15.0,1148.115,0
1163.464,-92.0,2026-06-21 06:45:00,0.0,60.02,197.663,-121.541,146.367,46.0,OperacionTiempoReal4,6,45,6.75,6,1,2026-06-21 07:00:00,15.0,1163.464,0
1204.24,-47.0,2026-06-21 07:00:00,1.861,59.99,205.367,-150.719,197.373,96.0,OperacionTiempoReal4,7,0,7.0,6,1,2026-06-21 07:15:00,15.0,1204.24,0
1255.131,-66.0,2026-06-21 07:15:00,0.092,60.01,182.362,-118.74,258.369,74.0,OperacionTiempoReal4,7,15,7.25,6,1,2026-06-21 07:30:00,15.0,1255.131,0
1299.389,-50.0,2026-06-21 07:30:00,1.267,60.0,185.036,-136.48,193.653,82.0,OperacionTiempoReal4,7,30,7.5,6,1,2026-06-21 07:45:00,15.0,1299.389,0
1343.388,-72.0,2026-06-21 07:45:00,-0.607,60.02,185.269,-101.455,191.539,81.0,OperacionTiempoReal4,7,45,7.75,6,1,2026-06-21 08:00:00,15.0,1343.388,0
1365.78,-57.0,2026-06-21 08:00:00,0.0,60.03,182.047,-84.182,167.994,63.0,OperacionTiempoReal4,8,0,8.0,6,1,2026-06-21 08:15:00,15.0,1365.78,0
1417.137,-69.0,2026-06-21 08:15:00,11.079,60.02,169.759,-85.944,139.729,49.0,OperacionTiempoReal4,8,15,8.25,6,1,2026-06-21 08:30:00,15.0,1417.137,0
1445.748,-40.0,2026-06-21 08:30:00,0.0,59.96,187.067,-121.891,227.932,92.0,OperacionTiempoReal4,8,30,8.5,6,1,2026-06-21 08:45:00,15.0,1445.748,0
1460.424,-75.0,2026-06-21 08:45:00,0.0,60.0,175.102,-93.647,209.242,45.0,OperacionTiempoReal4,8,45,8.75,6,1,2026-06-21 09:00:00,15.0,1460.424,0
1485.898,-108.0,2026-06-21 09:00:00,0.769,60.03,180.472,-100.533,152.189,58.0,OperacionTiempoReal4,9,0,9.0,6,1,2026-06-21 09:15:00,15.0,1485.898,0
1514.191,-52.0,2026-06-21 09:15:00,5.644,60.02,179.596,-102.05,195.059,86.0,OperacionTiempoReal4,9,15,9.25,6,1,2026-06-21 09:30:00,15.0,1514.191,0
1533.452,-100.0,2026-06-21 09:30:00,0.0,59.97,173.609,-100.65,167.823,58.0,OperacionTiempoReal4,9,30,9.5,6,1,2026-06-21 09:45:00,15.0,1533.452,0
1555.461,-70.0,2026-06-21 09:45:00,0.0,60.0,177.857,-95.631,199.227,66.0,OperacionTiempoReal4,9,45,9.75,6,1,2026-06-21 10:00:00,15.0,1555.461,0
1547.604,-97.0,2026-06-21 10:00:00,2.849,60.06,167.751,-95.865,253.42,61.0,OperacionTiempoReal4,10,0,10.0,6,1,2026-06-21 10:15:00,15.0,1547.604,0
1578.987,-86.0,2026-06-21 10:15:00,-2.44,59.96,203.032,-180.831,222.269,46.0,OperacionTiempoReal4,10,15,10.25,6,1,2026-06-21 10:30:00,15.0,1578.987,0
1596.169,-66.0,2026-06-21 10:30:00,0.0,60.03,201.224,-175.929,206.292,46.0,OperacionTiempoReal4,10,30,10.5,6,1,2026-06-21 10:45:00,15.0,1596.169,0
1609.057,-86.0,2026-06-21 10:45:00,0.0,59.97,202.344,-189.234,181.501,70.0,OperacionTiempoReal4,10,45,10.75,6,1,2026-06-21 11:00:00,15.0,1609.057,0
1630.169,-69.0,2026-06-21 11:00:00,1.944,60.01,193.683,-171.028,220.241,63.0,OperacionTiempoReal4,11,0,11.0,6,1,2026-06-21 11:15:00,15.0,1630.169,0
1638.207,-68.0,2026-06-21 11:15:00,0.0,60.01,204.76,-197.533,290.497,66.0,OperacionTiempoReal4,11,15,11.25,6,1,2026-06-21 11:30:00,15.0,1638.207,0
1630.212,-39.0,2026-06-21 11:30:00,0.0,59.99,198.317,-186.316,308.875,75.0,OperacionTiempoReal4,11,30,11.5,6,1,2026-06-21 11:45:00,15.0,1630.212,0
1649.173,-56.0,2026-06-21 11:45:00,-0.055,60.03,190.287,-163.441,282.607,64.0,OperacionTiempoReal4,11,45,11.75,6,1,2026-06-21 12:00:00,15.0,1649.173,0
1654.908,-64.0,2026-06-21 12:00:00,3.083,60.02,199.274,-175.579,274.411,56.0,OperacionTiempoReal4,12,0,12.0,6,1,2026-06-21 12:15:00,15.0,1654.908,0
1659.942,-77.0,2026-06-21 12:15:00,1.141,60.01,209.218,-193.448,258.924,63.0,OperacionTiempoReal4,12,15,12.25,6,1,2026-06-21 12:30:00,15.0,1659.942,0
1643.111,-70.0,2026-06-21 12:30:00,-0.191,59.98,197.126,-184.228,263.29,50.0,OperacionTiempoReal4,12,30,12.5,6,1,2026-06-21 12:45:00,15.0,1643.111,0
1631.439,-87.0,2026-06-21 12:45:00,-0.678,59.97,199.064,-187.379,157.946,43.0,OperacionTiempoReal4,12,45,12.75,6,1,2026-06-21 13:00:00,15.0,1631.439,0
1608.287,-62.0,2026-06-21 13:00:00,0.962,60.02,195.084,-133.096,216.467,98.0,OperacionTiempoReal4,13,0,13.0,6,1,2026-06-21 13:15:00,15.0,1608.287,0
1603.887,-63.0,2026-06-21 13:15:00,0.0,60.03,211.622,-120.958,262.358,69.0,OperacionTiempoReal4,13,15,13.25,6,1,2026-06-21 13:30:00,15.0,1603.887,0
1598.703,-54.0,2026-06-21 13:30:00,4.756,60.03,204.492,-108.819,263.016,78.0,OperacionTiempoReal4,13,30,13.5,6,1,2026-06-21 13:45:00,15.0,1598.703,0
1573.083,-44.0,2026-06-21 13:45:00,12.443,60.02,206.697,-127.027,266.872,118.0,OperacionTiempoReal4,13,45,13.75,6,1,2026-06-21 14:00:00,15.0,1573.083,0
1559.923,-90.0,2026-06-21 14:00:00,-1.193,59.98,209.393,-116.055,269.556,110.0,OperacionTiempoReal4,14,0,14.0,6,1,2026-06-21 14:15:00,15.0,1559.923,0
1546.667,-49.0,2026-06-21 14:15:00,0.0,60.02,199.286,-103.101,234.608,79.0,OperacionTiempoReal4,14,15,14.25,6,1,2026-06-21 14:30:00,15.0,1546.667,0
1542.497,-81.0,2026-06-21 14:30:00,2.572,59.99,201.935,-121.892,217.849,69.0,OperacionTiempoReal4,14,30,14.5,6,1,2026-06-21 14:45:00,15.0,1542.497,0
1546.581,-87.0,2026-06-21 14:45:00,-1.589,59.98,190.369,-114.422,201.338,43.0,OperacionTiempoReal4,14,45,14.75,6,1,2026-06-21 15:00:00,15.0,1546.581,0
1530.889,-51.0,2026-06-21 15:00:00,8.179,60.02,192.821,-110.921,250.506,79.0,OperacionTiempoReal4,15,0,15.0,6,1,2026-06-21 15:15:00,15.0,1530.889,0
1524.586,-50.0,2026-06-21 15:15:00,0.712,59.98,206.989,-123.992,249.756,60.0,OperacionTiempoReal4,15,15,15.25,6,1,2026-06-21 15:30:00,15.0,1524.586,0
1521.613,-43.0,2026-06-21 15:30:00,-2.492,59.96,207.152,-116.639,264.336,67.0,OperacionTiempoReal4,15,30,15.5,6,1,2026-06-21 15:45:00,15.0,1521.613,0
1517.46,-42.0,2026-06-21 15:45:00,0.0,60.01,196.87,-105.318,281.195,90.0,OperacionTiempoReal4,15,45,15.75,6,1,2026-06-21 16:00:00,15.0,1517.46,0
1519.715,-45.0,2026-06-21 16:00:00,0.528,60.01,191.349,-108.353,237.554,47.0,OperacionTiempoReal4,16,0,16.0,6,1,2026-06-21 16:15:00,15.0,1519.715,0
1512.782,-46.0,2026-06-21 16:15:00,4.8,59.99,197.301,-122.591,243.198,40.0,OperacionTiempoReal4,16,15,16.25,6,1,2026-06-21 16:30:00,15.0,1512.782,0
1506.173,-41.0,2026-06-21 16:30:00,16.427,60.0,200.197,-115.822,263.141,69.0,OperacionTiempoReal4,16,30,16.5,6,1,2026-06-21 16:45:00,15.0,1506.173,0
1490.317,-53.0,2026-06-21 16:45:00,0.0,60.0,193.719,-111.387,277.505,79.0,OperacionTiempoReal4,16,45,16.75,6,1,2026-06-21 17:00:00,15.0,1490.317,0
1503.73,-56.0,2026-06-21 17:00:00,-5.386,60.01,208.32,-138.114,277.935,76.0,OperacionTiempoReal4,17,0,17.0,6,1,2026-06-21 17:15:00,15.0,1503.73,0
1519.546,-69.0,2026-06-21 17:15:00,0.237,59.97,188.047,-149.668,233.494,41.0,OperacionTiempoReal4,17,15,17.25,6,1,2026-06-21 17:30:00,15.0,1519.546,0
1528.095,-22.0,2026-06-21 17:30:00,4.108,60.01,199.729,-173.361,259.684,134.0,OperacionTiempoReal4,17,30,17.5,6,1,2026-06-21 17:45:00,15.0,1528.095,0
1542.822,-55.0,2026-06-21 17:45:00,0.364,60.02,207.713,-171.961,269.027,83.0,OperacionTiempoReal4,17,45,17.75,6,1,2026-06-21 18:00:00,15.0,1542.822,0
1579.437,-86.0,2026-06-21 18:00:00,3.183,60.04,187.463,-165.776,219.258,52.0,OperacionTiempoReal4,18,0,18.0,6,1,2026-06-21 18:15:00,15.0,1579.437,0
1624.296,-81.0,2026-06-21 18:15:00,-0.51,60.0,192.983,-194.953,162.91,39.0,OperacionTiempoReal4,18,15,18.25,6,1,2026-06-21 18:30:00,15.0,1624.296,0
1641.567,-56.0,2026-06-21 18:30:00,0.0,60.0,200.091,-214.356,143.807,48.0,OperacionTiempoReal4,18,30,18.5,6,1,2026-06-21 18:45:00,15.0,1641.567,0
1638.984,-52.0,2026-06-21 18:45:00,0.0,59.98,194.792,-206.286,153.464,50.0,OperacionTiempoReal4,18,45,18.75,6,1,2026-06-21 19:00:00,15.0,1638.984,0
1652.528,-46.0,2026-06-21 19:00:00,-0.599,59.98,205.857,-211.672,163.703,40.0,OperacionTiempoReal4,19,0,19.0,6,1,2026-06-21 19:15:00,15.0,1652.528,0
1634.504,-36.0,2026-06-21 19:15:00,0.0,59.98,207.024,-211.672,204.959,50.0,OperacionTiempoReal4,19,15,19.25,6,1,2026-06-21 19:30:00,15.0,1634.504,0
1621.34,-68.0,2026-06-21 19:30:00,0.0,60.01,198.235,-208.62,224.286,42.0,OperacionTiempoReal4,19,30,19.5,6,1,2026-06-21 19:45:00,15.0,1621.34,0
1608.902,-61.0,2026-06-21 19:45:00,0.0,60.0,207.164,-211.556,229.091,49.0,OperacionTiempoReal4,19,45,19.75,6,1,2026-06-21 20:00:00,15.0,1608.902,0
1600.909,-58.0,2026-06-21 20:00:00,0.0,60.0,204.725,-200.684,262.37,52.0,OperacionTiempoReal4,20,0,20.0,6,1,2026-06-21 20:15:00,15.0,1600.909,0
1582.537,-57.0,2026-06-21 20:15:00,0.0,59.99,204.83,-207.686,235.784,93.0,OperacionTiempoReal4,20,15,20.25,6,1,2026-06-21 20:30:00,15.0,1582.537,0
1571.959,-64.0,2026-06-21 20:30:00,0.0,60.0,194.559,-198.805,254.192,90.0,OperacionTiempoReal4,20,30,20.5,6,1,2026-06-21 20:45:00,15.0,1571.959,0
1533.922,-40.0,2026-06-21 20:45:00,4.399,59.99,205.378,-215.407,296.618,114.0,OperacionTiempoReal4,20,45,20.75,6,1,2026-06-21 21:00:00,15.0,1533.922,0
1516.656,-62.0,2026-06-21 21:00:00,0.0,59.99,205.122,-197.287,292.693,114.0,OperacionTiempoReal4,21,0,21.0,6,1,2026-06-21 21:15:00,15.0,1516.656,0
1198.283,-100.0,2026-06-22 00:00:00,0.0,59.98,184.592,-160.057,229.496,66.0,OperacionTiempoReal5,0,0,0.0,0,0,2026-06-22 00:15:00,180.0,1198.283,0
1188.554,-53.0,2026-06-22 00:15:00,-1.963,59.99,189.529,-120.725,217.532,95.0,OperacionTiempoReal5,0,15,0.25,0,0,2026-06-22 00:30:00,15.0,1188.554,0
1170.105,-35.0,2026-06-22 00:30:00,-0.636,59.99,196.287,-126.093,241.252,79.0,OperacionTiempoReal5,0,30,0.5,0,0,2026-06-22 00:45:00,15.0,1170.105,0
1156.285,-61.0,2026-06-22 00:45:00,0.0,59.99,197.162,-137.298,126.241,68.0,OperacionTiempoReal5,0,45,0.75,0,0,2026-06-22 01:00:00,15.0,1156.285,0
1144.701,-62.0,2026-06-22 01:00:00,5.875,60.03,176.457,-100.299,123.027,55.0,OperacionTiempoReal5,1,0,1.0,0,0,2026-06-22 01:15:00,15.0,1144.701,0
1132.452,-80.0,2026-06-22 01:15:00,6.024,60.02,175.722,-112.905,110.771,50.0,OperacionTiempoReal5,1,15,1.25,0,0,2026-06-22 01:30:00,15.0,1132.452,0
1130.936,-70.0,2026-06-22 01:30:00,2.671,59.98,181.009,-127.26,121.439,60.0,OperacionTiempoReal5,1,30,1.5,0,0,2026-06-22 01:45:00,15.0,1130.936,0
1114.785,-87.0,2026-06-22 01:45:00,3.99,60.02,189.762,-127.26,146.712,89.0,OperacionTiempoReal5,1,45,1.75,0,0,2026-06-22 02:00:00,15.0,1114.785,0
1111.829,-55.0,2026-06-22 02:00:00,0.0,59.98,179.912,-114.772,179.57,121.0,OperacionTiempoReal5,2,0,2.0,0,0,2026-06-22 02:15:00,15.0,1111.829,0
1101.702,-44.0,2026-06-22 02:15:00,-1.938,59.98,180.612,-118.624,188.968,87.0,OperacionTiempoReal5,2,15,2.25,0,0,2026-06-22 02:30:00,15.0,1101.702,0
1097.112,-65.0,2026-06-22 02:30:00,1.553,60.03,180.028,-125.392,209.418,59.0,OperacionTiempoReal5,2,30,2.5,0,0,2026-06-22 02:45:00,15.0,1097.112,0
1093.552,-43.0,2026-06-22 02:45:00,-1.908,59.96,183.308,-119.44,229.953,81.0,OperacionTiempoReal5,2,45,2.75,0,0,2026-06-22 03:00:00,15.0,1093.552,0
1096.816,-53.0,2026-06-22 03:00:00,-2.392,59.97,174.917,-102.4,219.743,71.0,OperacionTiempoReal5,3,0,3.0,0,0,2026-06-22 03:15:00,15.0,1096.816,0
1108.891,-48.0,2026-06-22 03:15:00,-1.403,59.99,168.404,-101.934,199.834,48.0,OperacionTiempoReal5,3,15,3.25,0,0,2026-06-22 03:30:00,15.0,1108.891,0
1117.081,-44.0,2026-06-22 03:30:00,11.034,60.03,181.289,-118.974,177.444,70.0,OperacionTiempoReal5,3,30,3.5,0,0,2026-06-22 03:45:00,15.0,1117.081,0
1127.391,-44.0,2026-06-22 03:45:00,-0.398,59.98,172.769,-99.95,177.479,82.0,OperacionTiempoReal5,3,45,3.75,0,0,2026-06-22 04:00:00,15.0,1127.391,0
1141.381,-50.0,2026-06-22 04:00:00,0.0,60.03,182.024,-107.769,170.962,76.0,OperacionTiempoReal5,4,0,4.0,0,0,2026-06-22 04:15:00,15.0,1141.381,0
1178.602,-79.0,2026-06-22 04:15:00,3.292,60.01,186.471,-124.459,111.812,77.0,OperacionTiempoReal5,4,15,4.25,0,0,2026-06-22 04:30:00,15.0,1178.602,0
1190.356,-78.0,2026-06-22 04:30:00,-1.551,59.97,191.711,-134.496,157.014,51.0,OperacionTiempoReal5,4,30,4.5,0,0,2026-06-22 04:45:00,15.0,1190.356,0
1230.095,-35.0,2026-06-22 04:45:00,-6.798,60.01,186.19,-101.466,146.783,82.0,OperacionTiempoReal5,4,45,4.75,0,0,2026-06-22 05:00:00,15.0,1230.095,0
1261.229,-71.0,2026-06-22 05:00:00,7.687,60.0,185.992,-130.761,152.159,46.0,OperacionTiempoReal5,5,0,5.0,0,0,2026-06-22 05:15:00,15.0,1261.229,0
1347.462,-93.0,2026-06-22 05:15:00,-0.552,60.02,184.219,-94.347,120.181,42.0,OperacionTiempoReal5,5,15,5.25,0,0,2026-06-22 05:30:00,15.0,1347.462,0
1349.286,-25.0,2026-06-22 05:30:00,10.445,60.0,203.231,-136.713,187.217,97.0,OperacionTiempoReal5,5,30,5.5,0,0,2026-06-22 05:45:00,15.0,1349.286,0
1391.853,-94.0,2026-06-22 05:45:00,-0.591,60.0,185.339,-106.602,163.139,74.0,OperacionTiempoReal5,5,45,5.75,0,0,2026-06-22 06:00:00,15.0,1391.853,0
1427.051,-121.0,2026-06-22 06:00:00,-8.22,59.99,197.815,-130.528,134.89,47.0,OperacionTiempoReal5,6,0,6.0,0,0,2026-06-22 06:15:00,15.0,1427.051,0
1517.206,-93.0,2026-06-22 06:15:00,27.429,60.01,184.604,-139.982,206.974,85.0,OperacionTiempoReal5,6,15,6.25,0,0,2026-06-22 06:30:00,15.0,1517.206,0
1499.333,-79.0,2026-06-22 06:30:00,2.63,60.02,186.238,-134.846,234.241,99.0,OperacionTiempoReal5,6,30,6.5,0,0,2026-06-22 06:45:00,15.0,1499.333,0
1472.062,-43.0,2026-06-22 06:45:00,3.03,60.0,185.257,-117.573,273.741,96.0,OperacionTiempoReal5,6,45,6.75,0,0,2026-06-22 07:00:00,15.0,1472.062,0
1483.6,-44.0,2026-06-22 07:00:00,0.0,60.0,182.175,-100.533,276.405,122.0,OperacionTiempoReal5,7,0,7.0,0,0,2026-06-22 07:15:00,15.0,1483.6,0
1545.721,-97.0,2026-06-22 07:15:00,-1.881,59.98,199.684,-134.613,229.949,69.0,OperacionTiempoReal5,7,15,7.25,0,0,2026-06-22 07:30:00,15.0,1545.721,0
1574.473,-87.0,2026-06-22 07:30:00,-2.634,59.98,210.269,-143.95,217.162,51.0,OperacionTiempoReal5,7,30,7.5,0,0,2026-06-22 07:45:00,15.0,1574.473,0
1595.58,-90.0,2026-06-22 07:45:00,1.618,59.99,191.933,-137.181,210.076,68.0,OperacionTiempoReal5,7,45,7.75,0,0,2026-06-22 08:00:00,15.0,1595.58,0
1605.646,-70.0,2026-06-22 08:00:00,4.19,60.03,212.814,-133.796,226.63,88.0,OperacionTiempoReal5,8,0,8.0,0,0,2026-06-22 08:15:00,15.0,1605.646,0
1629.792,-98.0,2026-06-22 08:15:00,0.0,59.97,215.859,-164.141,265.665,60.0,OperacionTiempoReal5,8,15,8.25,0,0,2026-06-22 08:30:00,15.0,1629.792,0
1663.699,-81.0,2026-06-22 08:30:00,-3.16,59.96,213.572,-156.204,225.167,51.0,OperacionTiempoReal5,8,30,8.5,0,0,2026-06-22 08:45:00,15.0,1663.699,0
1682.055,-83.0,2026-06-22 08:45:00,-6.584,60.0,187.358,-114.188,228.353,49.0,OperacionTiempoReal5,8,45,8.75,0,0,2026-06-22 09:00:00,15.0,1682.055,0
1708.891,-68.0,2026-06-22 09:00:00,0.0,59.98,200.558,-138.931,195.624,72.0,OperacionTiempoReal5,9,0,9.0,0,0,2026-06-22 09:15:00,15.0,1708.891,0
1719.271,-76.0,2026-06-22 09:15:00,0.0,60.0,222.582,-155.504,239.898,80.0,OperacionTiempoReal5,9,15,9.25,0,0,2026-06-22 09:30:00,15.0,1719.271,0
1738.712,-85.0,2026-06-22 09:30:00,0.0,59.99,208.051,-167.993,197.137,55.0,OperacionTiempoReal5,9,30,9.5,0,0,2026-06-22 09:45:00,15.0,1738.712,0
1755.405,-83.0,2026-06-22 09:45:00,1.769,60.01,197.081,-138.698,233.847,73.0,OperacionTiempoReal5,9,45,9.75,0,0,2026-06-22 10:00:00,15.0,1755.405,0
1760.501,-76.0,2026-06-22 10:00:00,0.0,59.99,192.447,-146.868,239.93,80.0,OperacionTiempoReal5,10,0,10.0,0,0,2026-06-22 10:15:00,15.0,1760.501,0
1786.419,-80.0,2026-06-22 10:15:00,2.36,60.02,198.586,-167.526,194.517,80.0,OperacionTiempoReal5,10,15,10.25,0,0,2026-06-22 10:30:00,15.0,1786.419,0
1807.048,-103.0,2026-06-22 10:30:00,0.092,60.01,199.916,-162.741,176.714,67.0,OperacionTiempoReal5,10,30,10.5,0,0,2026-06-22 10:45:00,15.0,1807.048,0
1823.557,-60.0,2026-06-22 10:45:00,1.471,60.01,184.93,-160.64,161.323,64.0,OperacionTiempoReal5,10,45,10.75,0,0,2026-06-22 11:00:00,15.0,1823.557,0
1832.667,-90.0,2026-06-22 11:00:00,2.5,60.01,213.712,-199.756,215.223,66.0,OperacionTiempoReal5,11,0,11.0,0,0,2026-06-22 11:15:00,15.0,1832.667,0
1868.761,-93.0,2026-06-22 11:15:00,4.377,60.02,185.665,-164.608,197.829,63.0,OperacionTiempoReal5,11,15,11.25,0,0,2026-06-22 11:30:00,15.0,1868.761,0
1862.434,-113.0,2026-06-22 11:30:00,-0.985,60.0,194.419,-162.624,178.97,43.0,OperacionTiempoReal5,11,30,11.5,0,0,2026-06-22 11:45:00,15.0,1862.434,0
1867.443,-84.0,2026-06-22 11:45:00,5.074,60.01,218.695,-206.758,169.053,56.0,OperacionTiempoReal5,11,45,11.75,0,0,2026-06-22 12:00:00,15.0,1867.443,0
1868.581,-100.0,2026-06-22 12:00:00,0.979,60.0,201.41,-210.26,168.965,40.0,OperacionTiempoReal5,12,0,12.0,0,0,2026-06-22 12:15:00,15.0,1868.581,0
1872.292,-91.0,2026-06-22 12:15:00,0.0,60.0,185.561,-193.337,214.472,79.0,OperacionTiempoReal5,12,15,12.25,0,0,2026-06-22 12:30:00,15.0,1872.292,0
1850.041,-57.0,2026-06-22 12:30:00,0.192,60.01,200.815,-198.122,352.848,99.0,OperacionTiempoReal5,12,30,12.5,0,0,2026-06-22 12:45:00,15.0,1850.041,0
1846.866,-48.0,2026-06-22 12:45:00,-6.413,59.99,213.7,-221.581,311.655,90.0,OperacionTiempoReal5,12,45,12.75,0,0,2026-06-22 13:00:00,15.0,1846.866,0
1841.724,-98.0,2026-06-22 13:00:00,10.96,59.99,197.5,-170.911,314.26,50.0,OperacionTiempoReal5,13,0,13.0,0,0,2026-06-22 13:15:00,15.0,1841.724,0
1862.855,-139.0,2026-06-22 13:15:00,0.668,60.01,179.946,-115.705,326.984,55.0,OperacionTiempoReal5,13,15,13.25,0,0,2026-06-22 13:30:00,15.0,1862.855,0
1871.177,-139.0,2026-06-22 13:30:00,-1.165,59.99,204.037,-123.642,305.47,61.0,OperacionTiempoReal5,13,30,13.5,0,0,2026-06-22 13:45:00,15.0,1871.177,0
1854.997,-55.0,2026-06-22 13:45:00,0.0,59.98,195.574,-142.549,291.404,84.0,OperacionTiempoReal5,13,45,13.75,0,0,2026-06-22 14:00:00,15.0,1854.997,0
1842.523,-69.0,2026-06-22 14:00:00,0.0,60.02,212.159,-154.104,322.086,133.0,OperacionTiempoReal5,14,0,14.0,0,0,2026-06-22 14:15:00,15.0,1842.523,0
1839.7,-114.0,2026-06-22 14:15:00,1.472,59.96,218.449,-170.561,206.352,42.0,OperacionTiempoReal5,14,15,14.25,0,0,2026-06-22 14:30:00,15.0,1839.7,0
1846.264,-66.0,2026-06-22 14:30:00,0.0,59.99,203.219,-132.512,222.276,54.0,OperacionTiempoReal5,14,30,14.5,0,0,2026-06-22 14:45:00,15.0,1846.264,0
1844.294,-65.0,2026-06-22 14:45:00,0.0,60.03,187.218,-110.104,226.027,55.0,OperacionTiempoReal5,14,45,14.75,0,0,2026-06-22 15:00:00,15.0,1844.294,0
1840.447,-68.0,2026-06-22 15:00:00,0.0,59.99,198.247,-131.462,218.382,52.0,OperacionTiempoReal5,15,0,15.0,0,0,2026-06-22 15:15:00,15.0,1840.447,0
1829.492,-59.0,2026-06-22 15:15:00,16.422,60.01,187.323,-130.295,201.042,63.0,OperacionTiempoReal5,15,15,15.25,0,0,2026-06-22 15:30:00,15.0,1829.492,0
1832.659,-55.0,2026-06-22 15:30:00,0.0,60.03,190.906,-115.939,174.93,55.0,OperacionTiempoReal5,15,30,15.5,0,0,2026-06-22 15:45:00,15.0,1832.659,0
1840.347,-63.0,2026-06-22 15:45:00,0.0,59.99,200.64,-140.799,154.983,53.0,OperacionTiempoReal5,15,45,15.75,0,0,2026-06-22 16:00:00,15.0,1840.347,0
1819.442,-91.0,2026-06-22 16:00:00,-2.522,59.97,209.86,-160.173,269.7,47.0,OperacionTiempoReal5,16,0,16.0,0,0,2026-06-22 16:15:00,15.0,1819.442,0
1824.737,-104.0,2026-06-22 16:15:00,0.0,59.96,208.973,-174.879,262.817,64.0,OperacionTiempoReal5,16,15,16.25,0,0,2026-06-22 16:30:00,15.0,1824.737,0
1808.289,-62.0,2026-06-22 16:30:00,1.364,59.97,201.153,-191.569,277.653,76.0,OperacionTiempoReal5,16,30,16.5,0,0,2026-06-22 16:45:00,15.0,1808.289,0
1791.321,-24.0,2026-06-22 16:45:00,0.0,60.01,191.093,-140.915,318.578,116.0,OperacionTiempoReal5,16,45,16.75,0,0,2026-06-22 17:00:00,15.0,1791.321,0
1784.044,-36.0,2026-06-22 17:00:00,-2.129,60.02,203.617,-167.176,368.14,220.0,OperacionTiempoReal5,17,0,17.0,0,0,2026-06-22 17:15:00,15.0,1784.044,0
1753.141,-35.0,2026-06-22 17:15:00,-4.784,59.96,201.83,-191.102,344.985,59.0,OperacionTiempoReal5,17,15,17.25,0,0,2026-06-22 17:30:00,15.0,1753.141,0
1757.822,-34.0,2026-06-22 17:30:00,6.247,59.98,202.811,-219.608,354.876,82.0,OperacionTiempoReal5,17,30,17.5,0,0,2026-06-22 17:45:00,15.0,1757.822,0
1759.9,-65.0,2026-06-22 17:45:00,0.658,60.01,191.105,-179.664,366.801,87.0,OperacionTiempoReal5,17,45,17.75,0,0,2026-06-22 18:00:00,15.0,1759.9,0
1791.182,-76.0,2026-06-22 18:00:00,-7.37,60.02,193.298,-177.329,356.738,76.0,OperacionTiempoReal5,18,0,18.0,0,0,2026-06-22 18:15:00,15.0,1791.182,0
1876.524,-107.0,2026-06-22 18:15:00,4.489,60.03,186.763,-176.63,264.204,45.0,OperacionTiempoReal5,18,15,18.25,0,0,2026-06-22 18:30:00,15.0,1876.524,0
1905.623,-46.0,2026-06-22 18:30:00,-1.852,59.99,195.505,-202.673,240.642,42.0,OperacionTiempoReal5,18,30,18.5,0,0,2026-06-22 18:45:00,15.0,1905.623,0
1911.098,-91.0,2026-06-22 18:45:00,0.375,59.99,188.747,-197.772,204.859,47.0,OperacionTiempoReal5,18,45,18.75,0,0,2026-06-22 19:00:00,15.0,1911.098,0
1913.772,-82.0,2026-06-22 19:00:00,0.0,60.02,188.432,-193.319,213.308,56.0,OperacionTiempoReal5,19,0,19.0,0,0,2026-06-22 19:15:00,15.0,1913.772,0
1892.433,-73.0,2026-06-22 19:15:00,2.218,59.99,201.726,-207.692,220.278,65.0,OperacionTiempoReal5,19,15,19.25,0,0,2026-06-22 19:30:00,15.0,1892.433,0
1873.615,-44.0,2026-06-22 19:30:00,0.0,59.99,217.866,-230.813,274.845,94.0,OperacionTiempoReal5,19,30,19.5,0,0,2026-06-22 19:45:00,15.0,1873.615,0
1851.537,-37.0,2026-06-22 19:45:00,1.532,60.01,193.603,-198.455,276.938,101.0,OperacionTiempoReal5,19,45,19.75,0,0,2026-06-22 20:00:00,15.0,1851.537,0
